Index,Variant,"Region, subregion, country or area *",Notes,Location code,ISO3 Alpha-code,ISO2 Alpha-code,SDMX code**,Type,Parent code,Year,"Total Population, as of 1 January (thousands)","Total Population, as of 1 July (thousands)","Male Population, as of 1 July (thousands)","Female Population, as of 1 July (thousands)","Population Density, as of 1 July (persons per square km)","Population Sex Ratio, as of 1 July (males per 100 females)","Median Age, as of 1 July (years)","Natural Change, Births minus Deaths (thousands)","Rate of Natural Change (per 1,000 population)",Population Change (thousands),Population Growth Rate (percentage),Population Annual Doubling Time (years),Births (thousands),Births by women aged 15 to 19 (thousands),"Crude Birth Rate (births per 1,000 population)",Total Fertility Rate (live births per woman),Net Reproduction Rate (surviving daughters per woman),Mean Age Childbearing (years),Sex Ratio at Birth (males per 100 female births),Total Deaths (thousands),Male Deaths (thousands),Female Deaths (thousands),"Crude Death Rate (deaths per 1,000 population)","Life Expectancy at Birth, both sexes (years)",Male Life Expectancy at Birth (years),Female Life Expectancy at Birth (years),"Life Expectancy at Age 15, both sexes (years)",Male Life Expectancy at Age 15 (years),Female Life Expectancy at Age 15 (years),"Life Expectancy at Age 65, both sexes (years)",Male Life Expectancy at Age 65 (years),Female Life Expectancy at Age 65 (years),"Life Expectancy at Age 80, both sexes (years)",Male Life Expectancy at Age 80 (years),Female Life Expectancy at Age 80 (years),"Infant Deaths, under age 1 (thousands)","Infant Mortality Rate (infant deaths per 1,000 live births)",Live Births Surviving to Age 1 (thousands),"Under-Five Deaths, under age 5 (thousands)","Under-Five Mortality (deaths under age 5 per 1,000 live births)","Mortality before Age 40, both sexes (deaths under age 40 per 1,000 live births)","Male Mortality before Age 40 (deaths under age 40 per 1,000 male live births)","Female Mortality before Age 40 (deaths under age 40 per 1,000 female live births)","Mortality before Age 60, both sexes (deaths under age 60 per 1,000 live births)","Male Mortality before Age 60 (deaths under age 60 per 1,000 male live births)","Female Mortality before Age 60 (deaths under age 60 per 1,000 female live births)","Mortality between Age 15 and 50, both sexes (deaths under age 50 per 1,000 alive at age 15)","Male Mortality between Age 15 and 50 (deaths under age 50 per 1,000 males alive at age 15)","Female Mortality between Age 15 and 50 (deaths under age 50 per 1,000 females alive at age 15)","Mortality between Age 15 and 60, both sexes (deaths under age 60 per 1,000 alive at age 15)","Male Mortality between Age 15 and 60 (deaths under age 60 per 1,000 males alive at age 15)","Female Mortality between Age 15 and 60 (deaths under age 60 per 1,000 females alive at age 15)",Net Number of Migrants (thousands),"Net Migration Rate (per 1,000 population)"
9699,Estimates,Singapore,,702,SGP,SG,702.0,Country/Area,920,1950.0,986.749,1013.313,524.659,488.654,1483.622,107.368,18.883,32.459,32.033,53.129,5.244,13.218,44.926,3.556,44.336,6.225,2.52,29.282,106.1,12.467,7.375,5.092,12.303,54.092,50.226,59.162,48.162,44.291,53.299,10.826,8.075,13.804,5.39,3.674,7.093,3.996,93.281,41.989,5.414,132.665,215.345,232.544,195.63,462.148,553.734,366.105,172.033,198.662,138.302,368.948,470.339,265.119,20.67,20.398
9700,Estimates,Singapore,,702,SGP,SG,702.0,Country/Area,920,1951.0,1039.878,1068.035,555.92,512.115,1563.742,108.554,18.599,34.134,31.96,56.315,5.274,13.143,46.536,3.775,43.572,6.253,2.572,29.29,106.1,12.402,7.335,5.067,11.612,55.26,51.39,60.33,48.476,44.576,53.639,10.977,8.14,13.906,5.509,3.688,7.127,3.956,84.969,43.765,5.279,118.778,199.75,215.691,181.405,448.159,537.815,350.481,167.219,193.101,133.822,363.362,461.578,258.216,22.18,20.767
9701,Estimates,Singapore,,702,SGP,SG,702.0,Country/Area,920,1952.0,1096.193,1126.09,589.102,536.987,1648.74,109.705,18.358,36.201,32.148,59.793,5.311,13.051,48.398,4.009,42.979,6.286,2.625,29.298,106.2,12.197,7.232,4.965,10.831,56.426,52.572,61.474,48.838,44.948,53.983,11.146,8.25,14.013,5.628,3.728,7.164,3.744,76.984,45.767,4.985,105.778,184.602,199.297,167.666,433.349,520.035,335.1,161.607,186.344,129.401,356.418,450.302,251.329,23.594,20.952
9702,Estimates,Singapore,,702,SGP,SG,702.0,Country/Area,920,1953.0,1155.986,1187.52,624.217,563.303,1738.682,110.814,18.154,38.45,32.378,63.068,5.312,13.049,50.502,4.255,42.527,6.321,2.678,29.305,106.2,12.052,7.201,4.851,10.149,57.467,53.603,62.576,49.136,45.258,54.321,11.28,8.33,14.118,5.724,3.75,7.201,3.532,69.405,47.932,4.672,93.95,170.809,184.946,154.575,420.148,504.627,320.21,156.602,180.674,125.126,350.598,440.932,244.617,24.622,20.734
9703,Estimates,Singapore,,702,SGP,SG,702.0,Country/Area,920,1954.0,1219.054,1252.281,661.261,591.02,1833.501,111.885,17.984,41.348,33.018,66.454,5.308,13.059,52.737,4.491,42.113,6.346,2.733,29.313,106.2,11.389,6.735,4.655,9.095,59.423,55.785,63.989,50.442,46.857,54.97,11.603,8.726,14.248,5.832,3.83,7.216,3.326,62.606,50.236,4.367,83.636,153.596,166.043,139.419,381.126,448.1,300.622,143.953,163.795,118.119,316.51,386.069,233.336,25.106,20.048
9704,Estimates,Singapore,,702,SGP,SG,702.0,Country/Area,920,1955.0,1285.508,1320.23,700.215,620.016,1932.988,112.935,17.86,44.39,33.623,69.445,5.261,13.175,55.217,4.724,41.824,6.375,2.782,29.321,106.2,10.827,6.353,4.474,8.201,61.214,57.788,65.308,51.711,48.397,55.674,12.047,9.313,14.406,6.088,4.152,7.273,3.15,56.723,52.78,4.094,74.84,140.2,152.113,126.553,349.312,403.907,281.743,132.364,148.961,110.755,289.154,344.197,221.09,25.051,18.975
9705,Estimates,Singapore,,702,SGP,SG,702.0,Country/Area,920,1956.0,1354.953,1390.956,740.865,650.091,2036.538,113.963,17.79,47.724,34.31,72.005,5.178,13.386,58.236,4.947,41.867,6.444,2.841,29.329,106.2,10.512,6.118,4.394,7.557,62.617,59.531,66.154,52.712,49.802,56.038,12.354,9.931,14.339,6.202,4.485,7.151,3.014,51.737,55.838,3.876,67.62,128.776,139.421,116.638,327.672,371.817,271.299,124.366,139.024,105.155,271.308,314.391,215.991,24.287,17.461
9706,Estimates,Singapore,,702,SGP,SG,702.0,Country/Area,920,1957.0,1426.958,1458.271,778.298,679.973,2135.097,114.46,17.708,49.951,34.253,62.626,4.295,16.138,60.417,4.986,41.43,6.404,2.846,29.33,106.2,10.466,6.164,4.301,7.177,63.394,60.386,66.986,53.114,50.258,56.531,12.146,9.786,14.204,5.894,4.271,6.824,2.866,47.489,58.091,3.655,61.542,117.149,126.655,106.237,308.656,352.319,251.002,114.099,127.876,95.871,255.578,298.327,198.682,12.676,8.692
9707,Estimates,Singapore,,702,SGP,SG,702.0,Country/Area,920,1958.0,1489.584,1515.727,807.66,708.067,2219.22,114.066,17.558,51.348,33.878,52.286,3.45,20.091,61.78,4.967,40.76,6.316,2.824,29.301,106.2,10.432,6.21,4.221,6.882,64.026,60.988,67.758,53.388,50.492,56.963,12.2,9.726,14.482,5.887,4.115,6.942,2.706,43.817,59.551,3.434,56.409,109.88,118.116,100.605,295.899,338.906,238.505,109.851,123.033,92.452,246.438,288.464,189.855,0.928,0.612
9708,Estimates,Singapore,,702,SGP,SG,702.0,Country/Area,920,1959.0,1541.87,1567.754,832.875,734.879,2295.394,113.335,17.373,51.346,32.752,51.768,3.302,20.992,61.532,4.76,39.249,6.121,2.755,29.327,106.3,10.186,6.08,4.106,6.497,64.794,61.718,68.564,53.833,50.886,57.461,12.234,9.74,14.536,5.87,4.044,6.885,2.494,40.615,59.446,3.164,51.979,102.137,110.691,92.456,279.74,323.86,220.832,102.248,116.534,83.581,233.474,276.721,175.262,0.421,0.269
9709,Estimates,Singapore,,702,SGP,SG,702.0,Country/Area,920,1960.0,1593.638,1619.322,857.949,761.373,2370.897,112.685,17.174,49.365,30.486,51.369,3.173,21.845,59.428,4.174,36.7,5.765,2.61,29.416,106.3,10.063,6.041,4.022,6.214,65.297,62.15,69.145,54.039,51.033,57.73,12.37,9.791,14.772,6.028,4.032,7.087,2.238,37.623,57.539,2.848,47.901,96.471,105.922,85.81,271.512,314.743,214.288,98.67,113.446,79.695,228.486,270.548,172.362,2.008,1.24
9710,Estimates,Singapore,,702,SGP,SG,702.0,Country/Area,920,1961.0,1645.007,1670.461,882.872,787.589,2445.77,112.098,16.959,47.42,28.387,50.908,3.048,22.741,57.449,3.751,34.391,5.418,2.469,29.4,106,10.029,6.031,3.998,6.004,65.686,62.568,69.521,54.158,51.174,57.844,12.184,9.607,14.64,5.919,3.87,6.963,2.018,34.998,55.732,2.571,44.333,89.316,98.873,78.487,261.703,303.269,207.242,93.251,107.445,75.24,221.503,261.851,168.231,3.49,2.089
9711,Estimates,Singapore,,702,SGP,SG,702.0,Country/Area,920,1962.0,1695.915,1721.176,907.614,813.562,2520.023,111.56,16.79,46.794,27.187,50.521,2.935,23.617,56.851,3.358,33.03,5.216,2.388,29.409,105.9,10.057,6.08,3.978,5.843,66.09,62.918,70,54.33,51.297,58.085,12.312,9.723,14.78,6.027,3.912,7.045,1.868,32.757,55.246,2.371,41.338,85.207,95.198,73.912,256.535,298.801,201.649,90.625,105.353,72.154,219.012,259.972,165.469,3.714,2.158
9712,Estimates,Singapore,,702,SGP,SG,702.0,Country/Area,920,1963.0,1746.436,1771.513,932.181,839.332,2593.723,111.062,16.731,47.495,26.811,50.153,2.831,24.484,57.636,3.167,32.535,5.159,2.374,29.491,105.6,10.141,6.161,3.98,5.724,66.488,63.261,70.474,54.537,51.462,58.351,12.42,9.787,14.952,6.18,3.961,7.215,1.776,30.864,56.091,2.236,38.803,81.369,90.898,70.747,252.174,294.896,197.239,88.62,103.18,70.527,216.889,258.101,163.582,2.668,1.506
9713,Estimates,Singapore,,702,SGP,SG,702.0,Country/Area,920,1964.0,1796.589,1821.466,956.563,864.902,2666.86,110.598,16.792,46.708,25.643,49.753,2.732,25.371,57.014,2.993,31.301,4.971,2.296,29.55,105.4,10.306,6.263,4.042,5.658,66.712,63.499,70.681,54.613,51.554,58.409,12.284,9.753,14.75,6.016,3.874,7.004,1.665,29.262,55.556,2.092,36.718,79.533,90.138,67.738,247.377,290.75,192.227,87.315,102.856,68.275,213.677,255.532,160.204,3.043,1.671
9714,Estimates,Singapore,,702,SGP,SG,702.0,Country/Area,920,1965.0,1846.342,1870.822,980.672,890.15,2739.125,110.169,16.954,44.769,23.93,48.961,2.617,26.486,55.227,3.116,29.52,4.667,2.161,29.514,105.4,10.458,6.344,4.114,5.59,66.943,63.787,70.851,54.707,51.697,58.45,12.085,9.69,14.459,5.762,3.781,6.679,1.54,27.868,53.875,1.936,34.879,77.205,87.957,65.275,239.53,283.313,184.373,84.927,100.963,65.437,207.199,249.565,153.624,4.199,2.244
9715,Estimates,Singapore,,702,SGP,SG,702.0,Country/Area,920,1966.0,1895.303,1919.09,1004.279,914.811,2809.794,109.78,17.199,44.063,22.96,47.573,2.479,27.961,54.679,3.195,28.492,4.452,2.066,29.334,105.4,10.616,6.439,4.177,5.532,67.237,64.141,71.125,54.869,51.897,58.622,11.887,9.545,14.314,5.507,3.589,6.455,1.453,26.595,53.395,1.818,33.145,73.253,83.894,61.392,229.27,271.688,176.437,81.189,96.823,62.299,198.206,239.429,146.699,3.507,1.827
9716,Estimates,Singapore,,702,SGP,SG,702.0,Country/Area,920,1967.0,1942.876,1965.679,1027.066,938.612,2878.007,109.424,17.504,39.599,20.146,45.606,2.32,29.877,50.462,3.539,25.672,3.914,1.82,28.99,105.4,10.863,6.597,4.266,5.526,67.331,64.268,71.206,54.836,51.9,58.574,11.784,9.531,14.158,5.382,3.589,6.303,1.287,25.362,49.327,1.626,31.552,70.035,80.258,58.703,226.464,269.781,172.848,79.635,95.443,60.588,196.83,238.933,144.588,6.006,3.055
9717,Estimates,Singapore,,702,SGP,SG,702.0,Country/Area,920,1968.0,1988.482,2010.092,1048.751,961.341,2943.034,109.092,17.86,36.426,18.121,43.22,2.15,32.239,47.363,3.345,23.562,3.528,1.643,28.941,105.7,10.937,6.645,4.291,5.441,67.663,64.612,71.518,55.049,52.118,58.773,11.863,9.603,14.296,5.375,3.604,6.35,1.153,24.152,46.344,1.465,29.989,66.894,77.047,55.697,220.129,262.037,168.783,78.473,94.516,59.26,191.819,232.523,141.849,6.792,3.379
9718,Estimates,Singapore,,702,SGP,SG,702.0,Country/Area,920,1969.0,2031.702,2052.157,1069.182,982.976,3004.623,108.77,18.255,34.146,16.639,40.911,1.994,34.762,45.101,3.084,21.977,3.222,1.501,28.854,106.1,10.955,6.605,4.35,5.338,68.076,65.073,71.758,55.338,52.461,58.878,12.172,10.068,14.331,5.506,3.958,6.353,1.042,22.917,44.176,1.325,28.424,65.077,75.477,53.646,216.95,259.953,164.651,77.754,94.295,58.076,190.188,231.951,139.341,6.763,3.296
9719,Estimates,Singapore,,702,SGP,SG,702.0,Country/Area,920,1970.0,2072.613,2091.558,1087.754,1003.804,3062.31,108.363,18.675,33.866,16.192,37.89,1.812,38.253,44.882,3.016,21.459,3.068,1.431,28.926,106.2,11.016,6.603,4.413,5.267,68.5,65.555,72.053,55.644,52.81,59.071,12.482,10.424,14.57,5.684,4.234,6.516,0.973,21.645,44.013,1.228,26.805,63.138,73.186,52.14,212.45,254.349,162.023,77.341,93.64,58.097,187.097,227.918,137.938,4.024,1.924
9720,Estimates,Singapore,,702,SGP,SG,702.0,Country/Area,920,1971.0,2110.503,2128.433,1104.266,1024.167,3116.3,107.821,19.104,35.287,16.579,35.86,1.685,41.136,46.513,3.094,21.853,3.02,1.41,28.772,106.5,11.226,6.713,4.512,5.274,68.796,65.869,72.288,55.816,53.008,59.171,12.689,10.689,14.685,5.865,4.461,6.671,0.942,20.322,45.67,1.167,25.112,60.63,70.841,49.507,210.263,251.995,160.474,76.473,92.857,57.302,186.4,226.943,138.034,0.573,0.269
9721,Estimates,Singapore,,702,SGP,SG,702.0,Country/Area,920,1972.0,2146.363,2164.334,1119.974,1044.36,3168.864,107.24,19.538,37.565,17.357,35.942,1.661,41.731,49.123,3.189,22.697,3.031,1.415,28.713,106.7,11.558,6.895,4.663,5.34,68.964,66.046,72.437,55.892,53.095,59.223,12.694,10.7,14.692,5.85,4.472,6.625,0.921,18.915,48.297,1.122,23.329,58.897,69.032,47.932,207.037,248.869,157.379,75.507,92.154,56.209,184.158,224.751,135.996,-1.631,-0.754
9722,Estimates,Singapore,,702,SGP,SG,702.0,Country/Area,920,1973.0,2182.305,2200.137,1135.674,1064.464,3221.284,106.69,19.98,36.174,16.442,35.664,1.621,42.76,47.807,3.128,21.729,2.782,1.301,28.541,106.9,11.633,6.885,4.748,5.287,69.357,66.509,72.703,56.158,53.432,59.361,12.775,10.888,14.637,5.833,4.553,6.533,0.831,17.482,47.066,1.011,21.507,55.933,66.204,44.883,200.146,241.447,151.513,72.632,88.804,54.171,178.678,218.708,131.586,-0.495,-0.225
9723,Estimates,Singapore,,702,SGP,SG,702.0,Country/Area,920,1974.0,2217.969,2235.075,1150.963,1084.112,3272.438,106.166,20.442,31.459,14.075,34.212,1.531,45.274,43.136,2.764,19.3,2.351,1.101,28.228,107.1,11.677,6.944,4.733,5.225,69.709,66.795,73.149,56.38,53.58,59.688,12.878,10.935,14.829,5.893,4.565,6.635,0.698,16.114,42.522,0.863,19.791,53.781,63.95,42.899,196.612,238.756,147.13,72.244,88.792,53.549,176.695,217.673,128.633,2.748,1.229
9724,Estimates,Singapore,,702,SGP,SG,702.0,Country/Area,920,1975.0,2252.181,2268.523,1165.492,1103.031,3321.41,105.663,20.931,28.58,12.599,32.684,1.441,48.102,40.184,2.349,17.714,2.08,0.977,28.198,107.1,11.604,6.888,4.716,5.115,70.232,67.326,73.639,56.763,53.962,60.045,13.09,11.16,15.025,6.033,4.654,6.822,0.604,14.892,39.657,0.754,18.252,50.529,60.365,40.05,189.489,230.661,141.584,69.225,85.571,51.035,171.26,211.307,124.721,4.104,1.809
9725,Estimates,Singapore,,702,SGP,SG,702.0,Country/Area,920,1976.0,2284.865,2300.743,1179.391,1121.351,3368.584,105.176,21.444,30.806,13.39,31.756,1.38,50.228,42.58,2.276,18.507,2.09,0.982,28.125,107.3,11.774,7.016,4.757,5.117,70.57,67.589,74.063,57.007,54.129,60.379,13.325,11.347,15.32,6.25,4.792,7.113,0.591,13.908,42.06,0.729,17.045,48.401,58.183,38.008,186.826,228.874,138.12,67.115,84.821,47.598,169.733,210.695,122.354,0.949,0.412
9726,Estimates,Singapore,,702,SGP,SG,702.0,Country/Area,920,1977.0,2316.621,2331.545,1192.569,1138.976,3413.682,104.705,21.979,27.095,11.621,29.848,1.28,54.152,39.017,1.92,16.734,1.826,0.858,28.133,107.4,11.922,7.014,4.908,5.113,70.884,68.011,74.192,57.249,54.478,60.439,13.487,11.618,15.344,6.281,4.919,7.1,0.518,13.171,38.566,0.644,16.128,47.311,57.084,36.969,180.93,220.977,135.015,64.918,82.057,46.312,164.642,203.599,120.049,2.757,1.182
9727,Estimates,Singapore,,702,SGP,SG,702.0,Country/Area,920,1978.0,2346.469,2360.602,1204.903,1155.699,3456.226,104.258,22.537,27.827,11.788,28.267,1.197,57.907,39.966,1.749,16.93,1.787,0.84,28.156,107.5,12.139,7.067,5.072,5.142,71.163,68.386,74.326,57.475,54.777,60.544,13.688,11.882,15.464,6.38,5.122,7.147,0.504,12.619,39.524,0.621,15.439,45.884,54.664,36.615,177.84,216.786,133.494,63.505,79.355,46.483,162.199,200.329,118.852,0.436,0.185
9728,Estimates,Singapore,,702,SGP,SG,702.0,Country/Area,920,1979.0,2374.736,2388.157,1216.603,1171.554,3496.57,103.845,23.114,29.233,12.241,26.842,1.124,61.668,41.719,1.695,17.469,1.789,0.841,28.206,107.7,12.486,7.194,5.292,5.228,71.357,68.672,74.391,57.612,54.99,60.571,13.713,12.004,15.387,6.279,5.193,6.96,0.503,12.149,41.275,0.611,14.851,44.579,53.003,35.697,173.502,211.234,130.958,62.721,78.062,46.401,158.503,195.613,116.732,-2.384,-0.998
9729,Estimates,Singapore,,702,SGP,SG,702.0,Country/Area,920,1980.0,2401.578,2437.493,1240.089,1197.404,3568.804,103.565,23.717,29.393,12.059,71.83,2.947,23.52,42.176,1.674,17.303,1.739,0.818,28.213,107.6,12.783,7.354,5.429,5.244,71.528,68.837,74.565,57.749,55.107,60.726,13.872,12.167,15.542,6.44,5.396,7.119,0.488,11.707,41.744,0.589,14.309,42.781,50.726,34.421,173.296,211.598,130.518,61.005,76.055,45.147,158.722,196.578,116.521,42.433,17.408
9730,Estimates,Singapore,,702,SGP,SG,702.0,Country/Area,920,1981.0,2473.408,2531.802,1287.651,1244.151,3706.884,103.496,24.323,30.917,12.211,116.788,4.614,15.023,44.122,1.623,17.427,1.711,0.805,28.242,107.8,13.205,7.621,5.584,5.216,71.748,68.985,74.863,57.936,55.231,60.983,13.995,12.243,15.722,6.525,5.424,7.268,0.49,11.228,43.689,0.587,13.724,42.349,51.295,32.928,170.696,209.13,128.077,60.167,76.053,43.483,156.483,194.346,114.591,85.869,33.916
9731,Estimates,Singapore,,702,SGP,SG,702.0,Country/Area,920,1982.0,2590.196,2627.417,1336.332,1291.084,3846.877,103.505,24.868,32.87,12.511,74.442,2.833,24.467,46.591,1.597,17.733,1.672,0.787,28.332,107.9,13.721,7.943,5.777,5.222,72.015,69.182,75.22,58.165,55.394,61.296,14.158,12.349,15.945,6.648,5.488,7.434,0.494,10.69,46.157,0.59,13.06,41.964,51.145,32.275,167.625,207.068,123.822,59.031,74.758,42.505,153.854,192.662,110.855,41.568,15.821
9732,Estimates,Singapore,,702,SGP,SG,702.0,Country/Area,920,1983.0,2664.638,2685.981,1365.888,1320.093,3932.623,103.469,25.357,30.994,11.539,42.687,1.589,43.622,44.9,1.441,16.716,1.54,0.725,28.432,107.9,13.906,8.043,5.863,5.177,72.415,69.549,75.635,58.517,55.72,61.655,14.42,12.652,16.143,6.768,5.692,7.492,0.455,10.119,44.504,0.548,12.359,41.037,50.66,30.872,163.114,203.765,117.982,58.098,74.349,41.012,149.906,189.835,105.685,11.699,4.356
9733,Estimates,Singapore,,702,SGP,SG,702.0,Country/Area,920,1984.0,2707.325,2720.923,1383.185,1337.738,3983.782,103.397,25.829,31.598,11.613,27.196,1,69.315,45.873,1.361,16.859,1.54,0.726,28.585,107.8,14.275,8.139,6.136,5.246,72.603,69.887,75.614,58.635,55.981,61.572,14.443,12.844,15.97,6.678,5.796,7.268,0.436,9.549,45.492,0.527,11.68,39.643,48.679,30.106,159.263,199.788,114.521,56.826,72.799,40.028,146.891,186.795,102.941,-4.396,-1.616
9734,Estimates,Singapore,,702,SGP,SG,702.0,Country/Area,920,1985.0,2734.521,2735.03,1389.684,1345.346,4004.436,103.296,26.299,32.039,11.714,1.017,0.037,...,46.212,1.23,16.896,1.533,0.725,28.656,107.6,14.173,8.062,6.111,5.182,73.124,70.43,76.084,59.091,56.463,61.972,14.787,13.199,16.291,6.894,6.03,7.48,0.412,8.967,45.852,0.497,10.958,37.556,46.229,28.405,153.56,193.263,110.151,54.752,69.989,38.725,141.985,180.988,99.455,-31.036,-11.348
9735,Estimates,Singapore,,702,SGP,SG,702.0,Country/Area,920,1986.0,2735.538,2744.653,1393.982,1350.672,4018.526,103.207,26.787,26.105,9.511,18.231,0.664,104.39,40.226,0.969,14.656,1.347,0.638,28.798,107.4,14.121,7.881,6.24,5.145,73.564,71.096,76.228,59.48,57.071,62.074,14.969,13.484,16.361,6.939,6.107,7.512,0.343,8.407,39.933,0.422,10.26,35.379,42.634,27.739,146.138,181.174,108.412,51.404,64.244,37.966,135.138,169.533,98.202,-7.858,-2.863
9736,Estimates,Singapore,,702,SGP,SG,702.0,Country/Area,920,1987.0,2753.769,2781.615,1412.53,1369.085,4072.643,103.173,27.282,30.268,10.881,55.692,2.002,34.623,44.39,0.862,15.958,1.487,0.705,29.067,107.2,14.122,7.936,6.185,5.077,74.035,71.483,76.792,59.909,57.405,62.608,15.342,13.726,16.877,7.27,6.297,7.961,0.346,7.855,44.088,0.419,9.597,34.315,41.317,26.947,142.898,176.418,107.036,50.46,62.792,37.591,132.42,165.396,97.229,25.411,9.135
9737,Estimates,Singapore,,702,SGP,SG,702.0,Country/Area,920,1988.0,2809.461,2849.045,1446.808,1402.237,4171.369,103.179,27.72,38.199,13.407,79.168,2.779,24.942,53.07,0.857,18.627,1.75,0.83,29.319,107.1,14.871,8.307,6.564,5.22,74.049,71.531,76.77,59.879,57.403,62.55,15.233,13.654,16.735,7.129,6.199,7.789,0.379,7.298,52.735,0.447,8.924,33.466,40.131,26.446,140.786,174.45,104.775,49.878,61.858,37.368,130.786,163.984,95.353,40.976,14.382
9738,Estimates,Singapore,,702,SGP,SG,702.0,Country/Area,920,1989.0,2888.629,2938.655,1492.53,1446.125,4302.57,103.209,28.106,32.018,10.896,100.052,3.405,20.357,47.177,0.786,16.054,1.527,0.725,29.466,107.1,15.159,8.503,6.656,5.158,74.332,71.746,77.127,60.101,57.552,62.85,15.382,13.75,16.939,7.214,6.22,7.92,0.322,6.738,46.902,0.388,8.245,32.825,39.651,25.623,137.358,170.528,101.884,49.92,62.677,36.539,128.099,160.843,93.151,68.031,23.15
9739,Estimates,Singapore,,702,SGP,SG,702.0,Country/Area,920,1990.0,2988.681,3039.591,1541.734,1497.857,4450.353,102.929,28.462,34.865,11.47,101.82,3.35,20.691,50.43,0.899,16.591,1.583,0.753,29.492,107,15.565,8.714,6.852,5.121,74.598,72.03,77.364,60.317,57.783,63.041,15.492,13.909,16.994,7.205,6.272,7.872,0.313,6.19,50.161,0.378,7.581,31.622,38.76,24.086,132.667,165.519,97.555,48.264,60.98,34.865,123.971,156.423,89.353,66.95,22.026
9740,Estimates,Singapore,,702,SGP,SG,702.0,Country/Area,920,1991.0,3090.501,3136.291,1586.268,1550.023,4591.934,102.338,28.786,33.767,10.766,91.58,2.92,23.738,49.304,0.91,15.72,1.495,0.712,29.524,106.9,15.537,8.86,6.676,4.954,75.058,72.329,78.015,60.738,58.049,63.647,15.825,14.048,17.556,7.436,6.261,8.333,0.281,5.666,49.063,0.344,6.949,30.99,38.946,22.669,127.696,158.579,94.925,47.556,60.882,33.571,119.448,149.82,87.294,57.821,18.436
9741,Estimates,Singapore,,702,SGP,SG,702.0,Country/Area,920,1992.0,3182.081,3226.465,1629.906,1596.559,4723.96,102.089,29.097,34.403,10.663,88.767,2.751,25.196,50.203,0.888,15.56,1.485,0.707,29.6,106.9,15.8,9.013,6.786,4.897,75.326,72.589,78.278,60.96,58.253,63.873,15.921,14.129,17.666,7.461,6.276,8.372,0.262,5.189,49.979,0.323,6.369,29.919,38.331,21.217,123.378,153.848,91.249,46.125,59.878,31.784,115.674,145.729,84.051,54.359,16.848
9742,Estimates,Singapore,,702,SGP,SG,702.0,Country/Area,920,1993.0,3270.848,3317.892,1678.093,1639.799,4857.821,102.335,29.406,35.272,10.63,94.088,2.836,24.441,51.469,0.866,15.512,1.498,0.714,29.659,106.9,16.197,9.228,6.97,4.882,75.533,72.817,78.448,61.116,58.438,63.986,15.972,14.176,17.721,7.465,6.266,8.391,0.246,4.771,51.258,0.303,5.859,29.417,38.442,20.065,119.822,148.952,89.058,45.684,59.968,30.755,112.709,141.322,82.563,58.82,17.728
9743,Estimates,Singapore,,702,SGP,SG,702.0,Country/Area,920,1994.0,3364.936,3417.817,1732.339,1685.478,5004.124,102.78,29.7,34.583,10.119,105.762,3.095,22.396,51.358,0.791,15.027,1.471,0.702,29.733,107,16.775,9.467,7.308,4.908,75.627,73.015,78.41,61.173,58.589,63.922,15.946,14.261,17.561,7.392,6.307,8.214,0.229,4.431,51.162,0.282,5.452,28.977,37.936,19.643,118.065,146.926,87.391,45.088,59.582,29.84,111.403,139.887,81.182,71.17,20.823
9744,Estimates,Singapore,,702,SGP,SG,702.0,Country/Area,920,1995.0,3470.698,3533.624,1798.846,1734.778,5173.682,103.693,29.968,33.91,9.596,125.853,3.562,19.459,51.281,0.746,14.512,1.443,0.688,29.741,107.1,17.371,9.777,7.594,4.916,75.725,73.124,78.494,61.249,58.68,63.979,15.972,14.365,17.495,7.356,6.383,8.074,0.214,4.146,51.098,0.264,5.107,29.172,38.56,19.306,115.91,145.955,83.718,44.919,59.773,29.18,109.487,139.113,77.795,91.947,26.021
9745,Estimates,Singapore,,702,SGP,SG,702.0,Country/Area,920,1996.0,3596.551,3664.56,1878.79,1785.77,5365.388,105.209,30.203,34.006,9.28,136.018,3.712,18.673,51.634,0.763,14.09,1.424,0.679,29.843,107.2,17.628,9.976,7.651,4.81,76.05,73.427,78.857,61.554,58.962,64.325,16.19,14.533,17.765,7.463,6.427,8.236,0.202,3.903,51.461,0.25,4.817,28.935,38.062,19.149,111.91,140.822,80.652,44.215,58.263,29.094,105.725,134.237,74.941,102.018,27.839
9746,Estimates,Singapore,,702,SGP,SG,702.0,Country/Area,920,1997.0,3732.569,3796.622,1959.909,1836.714,5558.745,106.707,30.42,32.862,8.656,128.107,3.375,20.538,50.738,0.796,13.364,1.372,0.654,29.901,107.2,17.876,10.205,7.671,4.708,76.389,73.733,79.258,61.858,59.232,64.692,16.387,14.649,18.056,7.561,6.439,8.415,0.188,3.687,50.577,0.233,4.555,28.115,37.017,18.321,107.209,135.214,76.58,42.881,56.429,27.977,101.455,129.057,71.296,95.241,25.086
9747,Estimates,Singapore,,702,SGP,SG,702.0,Country/Area,920,1998.0,3860.676,3901.418,2018.284,1883.133,5712.178,107.177,30.664,29.575,7.58,81.483,2.089,33.181,47.443,0.856,12.16,1.261,0.602,29.919,107.1,17.868,10.344,7.525,4.58,76.851,74.107,79.858,62.304,59.587,65.278,16.686,14.747,18.597,7.826,6.52,8.859,0.167,3.486,47.301,0.21,4.319,25.008,31.91,17.276,104.465,130.695,75.573,40.086,51.719,27.12,98.929,124.763,70.496,51.905,13.304
9748,Estimates,Singapore,,702,SGP,SG,702.0,Country/Area,920,1999.0,3942.159,3966.557,2044.184,1922.373,5807.551,106.336,30.959,29.117,7.341,48.796,1.23,56.353,47.095,0.944,11.873,1.239,0.592,29.917,107.2,17.978,10.364,7.613,4.532,77.271,74.561,80.215,62.702,60.018,65.614,16.946,15.016,18.833,7.978,6.674,9.004,0.156,3.29,46.962,0.196,4.085,23.633,30.149,16.362,100.298,125.374,72.728,38.348,49.423,26.042,95.034,119.729,67.901,19.681,4.962
9749,Estimates,Singapore,,702,SGP,SG,702.0,Country/Area,920,2000.0,3990.955,4035.245,2071.123,1964.122,5908.119,105.448,31.226,33.367,8.269,88.58,2.195,31.578,51.23,1.054,12.696,1.342,0.641,29.924,107.2,17.863,10.27,7.593,4.427,77.752,75.014,80.688,63.162,60.449,66.068,17.259,15.289,19.164,8.175,6.832,9.214,0.157,3.1,51.094,0.194,3.858,22.217,28.478,15.357,95.823,120.231,69.238,36.486,47.227,24.729,90.826,114.865,64.664,55.218,13.684
9750,Estimates,Singapore,,702,SGP,SG,702.0,Country/Area,920,2001.0,4079.535,4116.166,2107.261,2008.905,6026.597,104.896,31.441,28.235,6.859,73.262,1.78,38.941,45.971,0.993,11.168,1.186,0.568,30.055,107,17.736,10.165,7.571,4.309,78.267,75.521,81.172,63.655,60.933,66.532,17.6,15.602,19.506,8.394,7.016,9.434,0.135,2.918,45.856,0.17,3.634,20.824,26.753,14.371,91.26,114.697,65.793,34.614,44.878,23.436,86.533,109.612,61.476,45.027,10.939
9751,Estimates,Singapore,,702,SGP,SG,702.0,Country/Area,920,2002.0,4152.797,4146.892,2113.155,2033.737,6071.585,103.905,31.678,28.21,6.803,-11.809,-0.285,...,45.956,0.982,11.082,1.172,0.562,30.048,106.8,17.746,10.201,7.545,4.279,78.736,75.922,81.698,64.105,61.316,67.039,17.915,15.847,19.887,8.597,7.158,9.682,0.127,2.756,45.848,0.16,3.438,19.611,25.359,13.414,87.267,110.38,62.26,32.993,43.05,22.117,82.778,105.53,58.18,-40.023,-9.651
9752,Estimates,Singapore,,702,SGP,SG,702.0,Country/Area,920,2003.0,4140.988,4138.245,2096.787,2041.457,6058.924,102.71,31.949,24.527,5.926,-5.486,-0.133,...,41.964,0.86,10.14,1.081,0.519,30.16,106.7,17.437,9.943,7.494,4.214,79.178,76.348,82.097,64.539,61.732,67.43,18.228,16.127,20.187,8.788,7.324,9.877,0.111,2.634,41.869,0.144,3.336,18.692,24.192,12.875,83.767,106.147,59.824,31.612,41.313,21.274,79.388,101.419,55.84,-30.012,-7.252
9753,Estimates,Singapore,,702,SGP,SG,702.0,Country/Area,920,2004.0,4135.502,4172.767,2108.55,2064.218,6109.469,102.148,32.227,24.046,5.763,74.531,1.786,38.81,41.159,0.854,9.864,1.071,0.514,30.178,106.7,17.113,9.714,7.399,4.101,79.658,76.812,82.568,64.994,62.164,67.882,18.445,16.167,20.587,8.893,7.216,10.192,0.103,2.501,41.071,0.132,3.133,16.476,20.458,12.331,77.654,96.699,57.516,28.538,36.16,20.519,73.594,92.362,53.769,50.487,12.099
9754,Estimates,Singapore,,702,SGP,SG,702.0,Country/Area,920,2005.0,4210.033,4268.364,2160.055,2108.308,6249.434,102.454,32.448,24.636,5.771,116.661,2.733,25.362,41.601,0.899,9.746,1.072,0.515,30.21,106.6,16.965,9.659,7.306,3.975,80.271,77.346,83.227,65.599,62.69,68.537,18.997,16.627,21.194,9.324,7.559,10.666,0.1,2.416,41.515,0.127,3.028,15.87,19.723,11.857,75.138,93.698,55.527,27.666,35.047,19.901,71.177,89.479,51.858,92.023,21.559
9755,Estimates,Singapore,,702,SGP,SG,702.0,Country/Area,920,2006.0,4326.694,4407.058,2243.302,2163.756,6452.501,103.676,32.576,25.114,5.699,160.728,3.647,19.006,42.364,0.898,9.613,1.068,0.513,30.352,106.6,17.25,9.731,7.519,3.914,80.64,77.795,83.47,65.961,63.132,68.769,19.285,16.993,21.356,9.512,7.819,10.754,0.099,2.353,42.279,0.125,2.952,15.302,18.926,11.483,72.937,90.836,53.933,26.976,34.041,19.475,69.089,86.71,50.398,135.625,30.774
9756,Estimates,Singapore,,702,SGP,SG,702.0,Country/Area,920,2007.0,4487.422,4596.515,2364.795,2231.72,6729.89,105.963,32.578,25.886,5.631,218.186,4.748,14.599,43.655,0.904,9.497,1.069,0.514,30.465,106.6,17.769,9.96,7.809,3.866,80.885,78.119,83.615,66.197,63.453,68.901,19.431,17.24,21.373,9.581,7.995,10.706,0.1,2.307,43.569,0.126,2.898,14.914,18.533,10.997,70.897,88.698,51.733,26.281,33.228,18.752,67.15,84.618,48.358,192.292,41.834
9757,Estimates,Singapore,,702,SGP,SG,702.0,Country/Area,920,2008.0,4705.608,4806.741,2497.992,2308.749,7037.688,108.197,32.515,26.088,5.428,202.266,4.209,16.468,44.452,0.904,9.248,1.044,0.502,30.558,106.5,18.364,10.181,8.183,3.82,81.099,78.488,83.667,66.407,63.821,68.944,19.532,17.515,21.285,9.567,8.193,10.502,0.101,2.275,44.366,0.126,2.858,14.462,17.968,10.522,68.774,86.239,49.592,25.397,32.108,17.898,65.087,82.175,46.323,176.182,36.653
9758,Estimates,Singapore,,702,SGP,SG,702.0,Country/Area,920,2009.0,4907.874,4968.568,2590.232,2378.336,7274.623,108.909,32.553,25.545,5.141,121.387,2.443,28.373,44.518,0.82,8.96,1.002,0.482,30.754,106.5,18.973,10.444,8.529,3.819,81.428,78.938,83.881,66.737,64.27,69.161,19.75,17.853,21.395,9.617,8.409,10.435,0.1,2.253,44.432,0.126,2.831,14.061,17.438,10.182,66.231,83.133,47.448,24.311,30.742,16.996,62.538,79.09,44.142,95.841,19.289
9759,Estimates,Singapore,,702,SGP,SG,702.0,Country/Area,920,2010.0,5029.261,5077.014,2642.165,2434.849,7433.403,108.515,32.688,22.932,4.517,95.506,1.881,36.85,42.643,0.739,8.399,0.934,0.449,30.929,106.4,19.711,10.702,9.009,3.882,81.647,79.302,83.945,66.956,64.632,69.23,19.881,18.098,21.426,9.597,8.53,10.319,0.096,2.236,42.561,0.122,2.812,13.6,16.547,10.221,64.145,79.953,46.622,23.425,29.269,16.801,60.453,75.955,43.267,72.571,14.294
9760,Estimates,Singapore,,702,SGP,SG,702.0,Country/Area,920,2011.0,5124.767,5182.239,2694.205,2488.034,7587.466,108.287,32.809,25.097,4.842,114.944,2.218,31.251,44.984,0.734,8.68,0.964,0.464,30.965,106.4,19.887,10.788,9.1,3.838,81.942,79.617,84.201,67.249,64.942,69.487,20.111,18.309,21.668,9.725,8.633,10.461,0.099,2.218,44.899,0.125,2.79,13.224,15.857,10.217,62.235,77.056,45.881,22.706,27.967,16.781,58.565,73.108,42.515,89.856,17.339
9761,Estimates,Singapore,,702,SGP,SG,702.0,Country/Area,920,2012.0,5239.711,5293.34,2758.145,2535.195,7750.131,108.794,32.901,28.745,5.431,107.257,2.026,34.213,48.924,0.713,9.243,1.027,0.494,31.096,106.4,20.179,10.946,9.233,3.812,82.209,79.909,84.437,67.511,65.231,69.715,20.335,18.541,21.884,9.87,8.797,10.592,0.106,2.196,48.832,0.131,2.763,12.869,15.312,10.072,60.831,75.022,45.183,22.097,26.973,16.607,57.23,71.114,41.92,78.501,14.83
9762,Estimates,Singapore,,702,SGP,SG,702.0,Country/Area,920,2013.0,5346.968,5385.588,2816.05,2569.539,7885.195,109.594,33.024,25.068,4.654,77.241,1.434,48.337,45.704,0.603,8.486,0.949,0.457,31.259,106.3,20.636,11.121,9.516,3.832,82.468,80.261,84.605,67.76,65.574,69.873,20.53,18.826,21.998,9.961,8.984,10.616,0.1,2.175,45.619,0.125,2.737,12.464,14.94,9.598,59.411,73.095,44.262,21.482,26.317,15.992,55.94,69.322,41.121,52.176,9.688
9763,Estimates,Singapore,,702,SGP,SG,702.0,Country/Area,920,2014.0,5424.209,5457.9,2857.026,2600.874,7991.069,109.849,33.179,27.228,4.989,67.382,1.235,56.125,48.538,0.558,8.893,1.003,0.483,31.378,106.2,21.31,11.485,9.825,3.904,82.615,80.422,84.751,67.894,65.719,70.009,20.61,18.927,22.07,9.943,8.999,10.58,0.104,2.15,48.449,0.129,2.707,12.025,14.628,8.985,58.235,71.847,43.12,20.939,26.006,15.153,54.938,68.281,40.115,40.154,7.357
9764,Estimates,Singapore,,702,SGP,SG,702.0,Country/Area,920,2015.0,5491.591,5525.34,2887.448,2637.892,8089.809,109.46,33.338,25.642,4.641,67.497,1.222,56.722,47.632,0.476,8.621,0.977,0.471,31.574,106.2,21.99,11.907,10.083,3.98,82.748,80.512,84.934,68.021,65.802,70.187,20.685,18.954,22.199,9.918,8.925,10.598,0.101,2.122,47.546,0.127,2.675,11.71,14.333,8.657,57.088,70.544,42.17,20.496,25.635,14.655,53.863,67.064,39.222,41.852,7.575
9765,Estimates,Singapore,,702,SGP,SG,702.0,Country/Area,920,2016.0,5559.088,5577.93,2902.713,2675.217,8166.807,108.504,33.529,23.947,4.293,37.683,0.676,102.537,46.597,0.446,8.354,0.943,0.455,31.663,106.1,22.65,12.297,10.354,4.061,82.897,80.637,85.106,68.171,65.929,70.36,20.799,19.031,22.354,9.932,8.889,10.66,0.098,2.088,46.514,0.124,2.634,11.551,14.115,8.592,56.165,69.231,41.743,20.125,25.11,14.509,52.928,65.729,38.793,13.737,2.463
9766,Estimates,Singapore,,702,SGP,SG,702.0,Country/Area,920,2017.0,5596.771,5604.078,2897.013,2707.066,8205.093,107.017,33.775,23.498,4.193,14.615,0.261,...,46.704,0.43,8.334,0.936,0.451,31.819,106.1,23.206,12.574,10.632,4.141,83.095,80.844,85.287,68.369,66.134,70.544,20.953,19.187,22.509,9.985,8.942,10.717,0.096,2.042,46.622,0.121,2.579,11.359,13.838,8.532,54.85,67.613,40.885,19.574,24.536,14.072,51.606,64.134,37.897,-8.88,-1.585
9767,Estimates,Singapore,,702,SGP,SG,702.0,Country/Area,920,2018.0,5611.386,5634.369,2904.611,2729.758,8249.443,106.405,33.999,24.148,4.286,45.967,0.816,84.945,47.73,0.43,8.471,0.948,0.457,31.846,106,23.582,12.739,10.843,4.185,83.378,81.145,85.541,68.645,66.426,70.791,21.148,19.392,22.696,10.105,9.062,10.84,0.095,1.985,47.649,0.12,2.51,10.877,13.27,8.201,52.86,65.268,39.46,18.795,23.621,13.548,49.708,61.89,36.553,21.82,3.873
9768,Estimates,Singapore,,702,SGP,SG,702.0,Country/Area,920,2019.0,5657.353,5669.563,2931.783,2737.78,8300.97,107.086,34.186,23.553,4.154,24.419,0.431,...,47.479,0.414,8.374,0.942,0.455,32.014,105.9,23.926,12.905,11.02,4.22,83.662,81.458,85.794,68.921,66.73,71.037,21.347,19.606,22.884,10.229,9.189,10.964,0.091,1.919,47.401,0.115,2.429,10.429,12.698,7.871,50.959,62.904,38.067,18.087,22.71,13.041,47.908,59.639,35.249,0.87,0.153
9769,Estimates,Singapore,,702,SGP,SG,702.0,Country/Area,920,2020.0,5681.772,5620.15,2909.604,2710.547,8228.624,107.344,34.481,22.309,3.97,-123.243,-2.193,...,47.113,0.4,8.383,0.942,0.455,32.103,105.9,24.804,13.504,11.301,4.413,83.661,81.352,85.919,68.956,66.686,71.171,21.373,19.56,22.994,10.182,9.044,11.006,0.098,2.075,47.029,0.126,2.685,10.959,13.666,7.886,51.293,63.743,37.799,18.561,23.24,13.387,47.796,59.735,34.855,-145.556,-25.899
9770,Estimates,Singapore,,702,SGP,SG,702.0,Country/Area,920,2021.0,5558.529,5546.29,2866.604,2679.686,8120.483,106.975,34.808,19.553,3.525,-24.478,-0.441,...,45.626,0.362,8.226,0.944,0.455,32.28,105.9,26.073,14.366,11.707,4.701,83.485,81.09,85.866,68.754,66.367,71.125,21.531,19.734,23.142,10.469,9.421,11.209,0.084,1.842,45.554,0.108,2.357,10.678,12.624,8.459,57.313,72.631,40.854,19.666,24.384,14.515,54.127,69.3,37.827,-44.03,-7.939
9771,Estimates,Singapore,,702,SGP,SG,702.0,Country/Area,920,2022.0,5534.051,5649.885,2919.697,2730.188,8272.159,106.941,34.878,16.826,2.979,231.667,4.101,16.902,45.168,0.357,7.995,0.943,0.454,32.288,106,28.342,16.049,12.294,5.016,82.921,80.239,85.669,68.216,65.536,70.96,21.519,19.611,23.258,10.609,9.524,11.377,0.083,1.85,45.097,0.108,2.39,11.649,13.392,9.675,67.678,87.936,46.017,22.602,27.801,16.991,64.172,84.358,42.594,214.842,38.026
9772,Estimates,Singapore,,702,SGP,SG,702.0,Country/Area,920,2023.0,5765.718,5789.09,2992.378,2796.711,8475.973,106.996,35.102,19.744,3.41,46.743,0.807,85.892,47.472,0.375,8.2,0.943,0.455,32.291,106,27.728,15.425,12.303,4.79,83.736,81.24,86.236,69.001,66.51,71.495,21.87,20.032,23.527,10.736,9.657,11.501,0.081,1.727,47.402,0.104,2.225,10.41,12.129,8.448,58.497,75.277,40.628,19.78,24.473,14.696,55.357,72.035,37.601,26.996,4.663
10092,Medium,Singapore,,702,SGP,SG,702.0,Country/Area,920,2024.0,5812.461,5832.387,3013.43,2818.957,8539.366,106.899,35.65,19.848,3.403,39.852,0.683,101.486,48.802,0.349,8.367,0.952,0.46,32.291,106,28.954,16.049,12.905,4.964,83.863,81.382,86.358,69.101,66.647,71.564,21.516,19.57,23.322,10.384,9.193,11.273,0.086,1.765,48.728,0.107,2.231,10.219,12.888,7.156,50.249,63.95,35.582,18.048,23.207,12.361,47.451,60.777,33.192,20.011,3.431
10093,Medium,Singapore,,702,SGP,SG,702.0,Country/Area,920,2025.0,5852.313,5870.75,3032.285,2838.465,8595.534,106.828,36.205,19.976,3.403,36.874,0.628,110.374,49.843,0.325,8.49,0.963,0.465,32.291,106,29.867,16.54,13.327,5.087,83.998,81.532,86.479,69.231,66.792,71.681,21.616,19.681,23.417,10.443,9.255,11.334,0.086,1.724,49.77,0.107,2.18,10.047,12.67,7.032,49.466,62.962,35.028,17.791,22.867,12.183,46.728,59.857,32.69,16.892,2.877
10094,Medium,Singapore,,702,SGP,SG,702.0,Country/Area,920,2026.0,5889.187,5905.748,3049.468,2856.28,8646.775,106.764,36.77,19.746,3.344,33.121,0.561,123.556,50.564,0.295,8.562,0.972,0.469,32.291,106,30.818,17.056,13.762,5.218,84.128,81.675,86.599,69.357,66.93,71.798,21.714,19.787,23.513,10.504,9.316,11.399,0.085,1.688,50.491,0.107,2.136,9.891,12.47,6.922,48.736,62.039,34.51,17.551,22.548,12.013,46.049,58.993,32.213,13.379,2.265
10095,Medium,Singapore,,702,SGP,SG,702.0,Country/Area,920,2027.0,5922.308,5939.546,3066.035,2873.512,8696.261,106.7,37.341,19.278,3.245,34.476,0.58,119.508,51.047,0.267,8.594,0.981,0.474,32.291,106,31.769,17.567,14.201,5.349,84.268,81.83,86.728,69.492,67.079,71.923,21.819,19.901,23.614,10.567,9.381,11.465,0.084,1.648,50.975,0.106,2.087,9.718,12.253,6.797,47.95,61.048,33.942,17.292,22.205,11.829,45.322,58.067,31.697,15.195,2.558
10096,Medium,Singapore,,702,SGP,SG,702.0,Country/Area,920,2028.0,5956.784,5973.348,3082.575,2890.773,8745.751,106.635,37.909,18.684,3.128,33.128,0.555,124.891,51.452,0.245,8.614,0.991,0.479,32.291,106,32.768,18.106,14.662,5.486,84.403,81.978,86.854,69.623,67.223,72.044,21.92,20.012,23.713,10.629,9.446,11.53,0.083,1.611,51.381,0.104,2.041,9.555,12.053,6.676,47.208,60.112,33.392,17.046,21.879,11.65,44.634,57.19,31.196,14.441,2.418
10097,Medium,Singapore,,702,SGP,SG,702.0,Country/Area,920,2029.0,5989.912,6004.088,3097.569,2906.519,8790.758,106.573,38.479,17.625,2.936,28.352,0.472,...,51.436,0.232,8.567,0.997,0.482,32.291,106,33.811,18.67,15.14,5.631,84.536,82.121,86.979,69.751,67.362,72.166,22.02,20.119,23.813,10.69,9.508,11.595,0.081,1.576,51.367,0.103,1.997,9.398,11.862,6.557,46.502,59.219,32.848,16.809,21.569,11.473,43.981,56.353,30.7,10.733,1.788
10098,Medium,Singapore,,702,SGP,SG,702.0,Country/Area,920,2030.0,6018.264,6031.377,3110.815,2920.563,8830.714,106.514,39.055,16.326,2.707,26.227,0.435,...,51.25,0.23,8.497,1.006,0.486,32.291,106,34.924,19.272,15.652,5.79,84.656,82.252,87.094,69.867,67.488,72.277,22.111,20.216,23.905,10.746,9.564,11.658,0.079,1.545,51.182,0.1,1.959,9.258,11.688,6.457,45.875,58.409,32.372,16.597,21.289,11.316,43.398,55.594,30.261,9.897,1.641
10099,Medium,Singapore,,702,SGP,SG,702.0,Country/Area,920,2031.0,6044.491,6058.404,3123.874,2934.531,8870.285,106.452,39.627,14.638,2.416,27.827,0.459,...,50.691,0.232,8.367,1.011,0.489,32.291,106,36.053,19.877,16.176,5.951,84.781,82.388,87.213,69.989,67.62,72.393,22.206,20.318,23.999,10.804,9.623,11.72,0.077,1.512,50.626,0.098,1.918,9.111,11.511,6.346,45.214,57.573,31.862,16.377,20.999,11.15,42.786,54.81,29.796,13.185,2.176
10100,Medium,Singapore,,702,SGP,SG,702.0,Country/Area,920,2032.0,6072.318,6085.224,3136.767,2948.456,8909.551,106.387,40.196,12.829,2.108,25.811,0.424,...,50.05,0.236,8.225,1.019,0.492,32.291,106,37.221,20.503,16.718,6.117,84.906,82.522,87.335,70.11,67.75,72.511,22.301,20.418,24.096,10.862,9.681,11.783,0.074,1.48,49.987,0.095,1.878,8.965,11.338,6.235,44.562,56.759,31.352,16.16,20.717,10.984,42.181,54.046,29.33,12.974,2.132
10101,Medium,Singapore,,702,SGP,SG,702.0,Country/Area,920,2033.0,6098.129,6111.153,3149.163,2961.99,8947.515,106.319,40.763,10.836,1.774,26.048,0.426,...,49.248,0.241,8.059,1.028,0.497,32.291,106,38.412,21.133,17.278,6.285,85.033,82.659,87.455,70.233,67.883,72.628,22.398,20.522,24.192,10.923,9.741,11.849,0.072,1.45,49.187,0.092,1.84,8.819,11.163,6.13,43.911,55.931,30.859,15.942,20.428,10.821,41.575,53.269,28.877,15.217,2.49
10102,Medium,Singapore,,702,SGP,SG,702.0,Country/Area,920,2034.0,6124.177,6134.781,3160.367,2974.414,8982.11,106.252,41.333,8.57,1.396,21.208,0.346,...,48.198,0.247,7.856,1.036,0.501,32.291,106,39.628,21.778,17.85,6.46,85.162,82.797,87.581,70.358,68.017,72.75,22.498,20.625,24.293,10.984,9.802,11.916,0.069,1.419,48.14,0.088,1.802,8.672,10.991,6.02,43.257,55.114,30.345,15.722,20.144,10.652,40.967,52.5,28.405,12.638,2.06
10103,Medium,Singapore,,702,SGP,SG,702.0,Country/Area,920,2035.0,6145.385,6153.233,3168.959,2984.274,9009.125,106.189,41.913,5.982,0.972,15.695,0.255,...,46.87,0.25,7.617,1.044,0.504,32.291,106,40.888,22.435,18.452,6.645,85.288,82.932,87.701,70.481,68.148,72.867,22.595,20.728,24.389,11.044,9.862,11.98,0.065,1.389,46.814,0.084,1.765,8.529,10.823,5.915,42.626,54.314,29.855,15.509,19.865,10.492,40.38,51.748,27.956,9.722,1.58
10104,Medium,Singapore,,702,SGP,SG,702.0,Country/Area,920,2036.0,6161.08,6166.85,3175.113,2991.738,9029.063,106.129,42.503,3.219,0.522,11.54,0.187,...,45.36,0.251,7.355,1.053,0.509,32.291,106,42.141,23.077,19.063,6.833,85.421,83.078,87.826,70.61,68.29,72.988,22.698,20.837,24.489,11.108,9.926,12.048,0.062,1.358,45.307,0.08,1.725,8.377,10.64,5.809,41.963,53.459,29.356,15.281,19.567,10.327,39.764,50.946,27.498,8.313,1.348
10105,Medium,Singapore,,702,SGP,SG,702.0,Country/Area,920,2037.0,6172.62,6178.212,3180.09,2998.122,9045.699,106.069,43.096,0.199,0.032,11.185,0.181,...,43.626,0.254,7.061,1.06,0.513,32.291,106.1,43.427,23.748,19.678,7.029,85.551,83.212,87.956,70.736,68.42,73.115,22.799,20.939,24.594,11.172,9.986,12.119,0.058,1.329,43.577,0.076,1.69,8.235,10.479,5.701,41.341,52.685,28.846,15.066,19.297,10.158,39.185,50.216,27.029,10.988,1.779
10106,Medium,Singapore,,702,SGP,SG,702.0,Country/Area,920,2038.0,6183.805,6188.055,3184.244,3003.811,9060.109,106.007,43.689,-2.932,-0.474,8.499,0.137,...,41.851,0.259,6.763,1.068,0.516,32.291,106,44.783,24.45,20.333,7.237,85.668,83.334,88.073,70.85,68.539,73.228,22.89,21.032,24.689,11.228,10.042,12.184,0.055,1.305,41.804,0.071,1.659,8.107,10.336,5.607,40.791,51.99,28.395,14.874,19.054,10.008,38.672,49.561,26.613,11.425,1.846
10107,Medium,Singapore,,702,SGP,SG,702.0,Country/Area,920,2039.0,6192.304,6193.922,3186.374,3007.547,9068.699,105.946,44.289,-6.117,-0.987,3.235,0.052,...,40.029,0.261,6.463,1.073,0.519,32.291,106,46.146,25.143,21.004,7.45,85.785,83.46,88.187,70.965,68.662,73.34,22.982,21.128,24.781,11.283,10.098,12.246,0.052,1.279,39.985,0.067,1.627,7.977,10.188,5.512,40.232,51.273,27.946,14.678,18.804,9.861,38.152,48.885,26.2,9.366,1.512
10108,Medium,Singapore,,702,SGP,SG,702.0,Country/Area,920,2040.0,6195.539,6194.782,3185.982,3008.8,9069.958,105.889,44.897,-9.245,-1.493,-1.515,-0.024,...,38.274,0.261,6.178,1.08,0.522,32.291,106,47.519,25.842,21.678,7.671,85.9,83.58,88.301,71.076,68.779,73.452,23.072,21.219,24.874,11.339,10.153,12.31,0.048,1.256,38.233,0.063,1.599,7.855,10.052,5.424,39.708,50.605,27.514,14.491,18.571,9.717,37.663,48.253,25.801,7.728,1.247
10109,Medium,Singapore,,702,SGP,SG,702.0,Country/Area,920,2041.0,6194.024,6191.329,3183.414,3007.916,9064.903,105.835,45.511,-12.19,-1.969,-5.39,-0.087,...,36.682,0.267,5.925,1.087,0.526,32.291,106,48.872,26.521,22.35,7.894,86.019,83.704,88.419,71.192,68.9,73.566,23.165,21.314,24.97,11.396,10.209,12.375,0.045,1.231,36.643,0.059,1.568,7.727,9.907,5.33,39.161,49.908,27.066,14.294,18.327,9.569,37.154,47.596,25.387,6.802,1.099
10110,Medium,Singapore,,702,SGP,SG,702.0,Country/Area,920,2042.0,6188.634,6185.384,3179.579,3005.805,9056.199,105.781,46.126,-14.929,-2.414,-6.5,-0.105,...,35.277,0.275,5.703,1.094,0.529,32.291,106,50.206,27.173,23.033,8.117,86.138,83.833,88.534,71.308,69.025,73.678,23.26,21.413,25.062,11.454,10.27,12.438,0.043,1.208,35.241,0.056,1.539,7.603,9.765,5.24,38.62,49.207,26.633,14.097,18.08,9.425,36.648,46.932,24.988,8.419,1.361
10111,Medium,Singapore,,702,SGP,SG,702.0,Country/Area,920,2043.0,6182.134,6178.282,3175.142,3003.139,9045.8,105.727,46.737,-17.405,-2.817,-7.705,-0.125,...,34.123,0.283,5.523,1.102,0.533,32.291,106,51.528,27.829,23.698,8.34,86.257,83.956,88.653,71.424,69.146,73.794,23.354,21.507,25.16,11.513,10.326,12.507,0.041,1.185,34.088,0.053,1.51,7.481,9.626,5.151,38.091,48.529,26.2,13.901,17.843,9.28,36.154,46.292,24.587,9.708,1.571
10112,Medium,Singapore,,702,SGP,SG,702.0,Country/Area,920,2044.0,6174.429,6168.175,3169.202,2998.972,9031.003,105.676,47.349,-19.603,-3.178,-12.508,-0.203,...,33.229,0.289,5.387,1.109,0.537,32.291,106.1,52.832,28.465,24.367,8.565,86.375,84.081,88.768,71.539,69.268,73.907,23.447,21.603,25.254,11.571,10.383,12.571,0.039,1.162,33.196,0.05,1.481,7.359,9.485,5.062,37.563,47.848,25.773,13.703,17.604,9.138,35.661,45.649,24.193,7.089,1.149
10113,Medium,Singapore,,702,SGP,SG,702.0,Country/Area,920,2045.0,6161.921,6156.188,3162.334,2993.854,9013.452,105.628,47.957,-21.519,-3.495,-11.467,-0.186,...,32.576,0.295,5.292,1.119,0.541,32.291,106.1,54.095,29.068,25.028,8.787,86.494,84.21,88.881,71.655,69.393,74.017,23.541,21.701,25.346,11.629,10.442,12.634,0.037,1.14,32.544,0.048,1.453,7.24,9.345,4.977,37.033,47.159,25.359,13.503,17.363,9,35.166,44.999,23.809,10.047,1.632
10114,Medium,Singapore,,702,SGP,SG,702.0,Country/Area,920,2046.0,6150.454,6143.609,3155.177,2988.433,8995.036,105.58,48.56,-23.106,-3.761,-13.689,-0.223,...,32.177,0.299,5.238,1.127,0.545,32.291,106.1,55.283,29.64,25.643,8.999,86.617,84.341,89.001,71.776,69.521,74.135,23.639,21.802,25.444,11.691,10.504,12.703,0.036,1.117,32.146,0.047,1.424,7.119,9.2,4.889,36.485,46.461,24.929,13.295,17.117,8.856,34.654,44.339,23.411,9.429,1.535
10115,Medium,Singapore,,702,SGP,SG,702.0,Country/Area,920,2047.0,6136.765,6128.164,3146.608,2981.555,8972.422,105.536,49.162,-24.562,-4.008,-17.202,-0.281,...,31.893,0.302,5.204,1.133,0.548,32.291,106.1,56.455,30.213,26.243,9.212,86.734,84.463,89.116,71.889,69.641,74.247,23.731,21.896,25.538,11.75,10.56,12.768,0.035,1.095,31.863,0.045,1.397,7.006,9.068,4.803,35.97,45.813,24.516,13.098,16.889,8.718,34.172,43.726,23.029,7.35,1.199
10116,Medium,Singapore,,702,SGP,SG,702.0,Country/Area,920,2048.0,6119.563,6113.208,3138.274,2974.933,8950.523,105.491,49.752,-25.786,-4.218,-12.711,-0.208,...,31.774,0.303,5.198,1.14,0.552,32.291,106.1,57.56,30.758,26.802,9.416,86.852,84.586,89.234,72.005,69.761,74.363,23.825,21.991,25.635,11.811,10.617,12.836,0.034,1.074,31.745,0.044,1.37,6.894,8.935,4.718,35.455,45.166,24.101,12.899,16.662,8.579,33.69,43.116,22.645,13.079,2.14
10117,Medium,Singapore,,702,SGP,SG,702.0,Country/Area,920,2049.0,6106.852,6098.708,3130.162,2968.546,8929.294,105.444,50.33,-26.723,-4.382,-16.289,-0.267,...,31.872,0.304,5.226,1.146,0.554,32.291,106.1,58.595,31.261,27.333,9.608,86.973,84.714,89.353,72.123,69.886,74.479,23.922,22.09,25.733,11.874,10.678,12.905,0.034,1.053,31.843,0.043,1.343,6.782,8.801,4.635,34.93,44.505,23.691,12.694,16.428,8.441,33.198,42.488,22.263,10.443,1.712
10118,Medium,Singapore,,702,SGP,SG,702.0,Country/Area,920,2050.0,6090.563,6081.691,3120.816,2960.876,8904.38,105.402,50.906,-27.569,-4.533,-17.743,-0.292,...,32.048,0.304,5.27,1.152,0.557,32.291,106.1,59.617,31.767,27.851,9.803,87.086,84.832,89.467,72.234,70.002,74.59,24.013,22.182,25.827,11.935,10.735,12.97,0.033,1.034,32.02,0.042,1.32,6.681,8.681,4.555,34.443,43.905,23.298,12.504,16.216,8.309,32.739,41.919,21.899,9.819,1.614
10119,Medium,Singapore,,702,SGP,SG,702.0,Country/Area,920,2051.0,6072.82,6064.528,3111.392,2953.135,8879.25,105.359,51.472,-28.299,-4.666,-16.584,-0.273,...,32.294,0.301,5.325,1.158,0.56,32.291,106.1,60.593,32.256,28.337,9.991,87.2,84.95,89.581,72.345,70.117,74.702,24.103,22.273,25.921,11.994,10.79,13.036,0.033,1.014,32.266,0.042,1.294,6.576,8.556,4.474,33.947,43.299,22.905,12.312,16.002,8.176,32.275,41.346,21.535,11.718,1.932
10120,Medium,Singapore,,702,SGP,SG,702.0,Country/Area,920,2052.0,6056.236,6050.282,3103.398,2946.884,8858.392,105.311,52.019,-28.952,-4.785,-11.908,-0.197,...,32.555,0.296,5.381,1.161,0.562,32.291,106.1,61.507,32.716,28.791,10.166,87.312,85.067,89.694,72.456,70.232,74.813,24.194,22.365,26.015,12.056,10.848,13.104,0.032,0.998,32.527,0.041,1.274,6.486,8.447,4.404,33.485,42.733,22.546,12.136,15.805,8.056,31.838,40.807,21.2,17.036,2.816
10121,Medium,Singapore,,702,SGP,SG,702.0,Country/Area,920,2053.0,6044.328,6036.534,3095.644,2940.89,8838.264,105.262,52.557,-29.298,-4.853,-15.588,-0.258,...,33.061,0.292,5.477,1.167,0.565,32.291,106.1,62.359,33.146,29.212,10.33,87.43,85.19,89.81,72.57,70.352,74.927,24.289,22.462,26.112,12.119,10.908,13.173,0.032,0.98,33.033,0.041,1.252,6.391,8.332,4.331,32.995,42.142,22.175,11.955,15.6,7.932,31.376,40.246,20.854,13.711,2.271
10122,Medium,Singapore,,702,SGP,SG,702.0,Country/Area,920,2054.0,6028.74,6018.494,3085.774,2932.72,8811.851,105.219,53.102,-29.676,-4.93,-20.491,-0.34,...,33.485,0.285,5.564,1.171,0.566,32.291,106.1,63.161,33.565,29.596,10.494,87.546,85.31,89.929,72.685,70.47,75.044,24.383,22.557,26.212,12.184,10.968,13.245,0.032,0.963,33.457,0.041,1.231,6.297,8.22,4.257,32.51,41.573,21.8,11.777,15.4,7.807,30.917,39.704,20.505,9.192,1.527
10123,Medium,Singapore,,702,SGP,SG,702.0,Country/Area,920,2055.0,6008.249,5999.239,3075.283,2923.956,8783.659,105.175,53.642,-30.006,-5.002,-18.02,-0.3,...,33.979,0.278,5.664,1.18,0.571,32.291,106.1,63.985,34.008,29.977,10.666,87.652,85.418,90.039,72.789,70.576,75.152,24.47,22.642,26.305,12.244,11.022,13.312,0.032,0.95,33.951,0.041,1.214,6.22,8.129,4.195,32.085,41.086,21.474,11.627,15.233,7.699,30.514,39.24,20.199,11.985,1.998
10124,Medium,Singapore,,702,SGP,SG,702.0,Country/Area,920,2056.0,5990.229,5981.474,3065.494,2915.979,8757.648,105.127,54.166,-30.308,-5.067,-17.511,-0.293,...,34.411,0.269,5.753,1.185,0.573,32.291,106.1,64.719,34.405,30.313,10.82,87.767,85.535,90.157,72.902,70.691,75.269,24.564,22.737,26.406,12.31,11.082,13.385,0.032,0.935,34.384,0.041,1.194,6.136,8.029,4.125,31.62,40.559,21.12,11.468,15.051,7.582,30.072,38.737,19.87,12.8,2.14
10125,Medium,Singapore,,702,SGP,SG,702.0,Country/Area,920,2057.0,5972.718,5964.2,3055.92,2908.28,8732.358,105.077,54.67,-30.556,-5.123,-17.035,-0.286,...,34.891,0.261,5.85,1.192,0.577,32.291,106.1,65.447,34.8,30.647,10.973,87.881,85.653,90.271,73.014,70.807,75.38,24.656,22.831,26.502,12.374,11.141,13.456,0.032,0.92,34.864,0.041,1.176,6.055,7.929,4.064,31.16,40.031,20.794,11.315,14.871,7.473,29.635,38.234,19.563,13.513,2.266
10126,Medium,Singapore,,702,SGP,SG,702.0,Country/Area,920,2058.0,5955.683,5944.89,3045.315,2899.575,8704.085,105.026,55.164,-30.855,-5.19,-21.586,-0.363,...,35.301,0.252,5.938,1.197,0.579,32.291,106.1,66.156,35.189,30.967,11.128,87.995,85.77,90.387,73.126,70.923,75.495,24.749,22.925,26.601,12.439,11.201,13.528,0.032,0.906,35.274,0.041,1.158,5.972,7.828,4,30.693,39.509,20.459,11.162,14.689,7.363,29.192,37.737,19.25,9.266,1.559
10127,Medium,Singapore,,702,SGP,SG,702.0,Country/Area,920,2059.0,5934.097,5924.037,3033.916,2890.121,8673.553,104.975,55.642,-31.306,-5.285,-20.12,-0.34,...,35.593,0.243,6.008,1.203,0.582,32.291,106.1,66.899,35.593,31.306,11.293,88.103,85.884,90.495,73.233,71.034,75.601,24.837,23.017,26.693,12.501,11.26,13.595,0.032,0.892,35.566,0.04,1.141,5.897,7.735,3.941,30.245,39.012,20.147,11.018,14.517,7.26,28.765,37.262,18.957,11.196,1.89
10128,Medium,Singapore,,702,SGP,SG,702.0,Country/Area,920,2060.0,5913.977,5901.726,3021.761,2879.965,8640.887,104.924,56.104,-31.699,-5.371,-24.502,-0.415,...,35.836,0.235,6.072,1.208,0.585,32.291,106,67.535,35.949,31.586,11.443,88.227,86.013,90.618,73.354,71.162,75.722,24.937,23.121,26.798,12.572,11.327,13.672,0.031,0.877,35.809,0.04,1.122,5.81,7.627,3.873,29.743,38.449,19.799,10.857,14.322,7.143,28.287,36.726,18.632,7.196,1.219
10129,Medium,Singapore,,702,SGP,SG,702.0,Country/Area,920,2061.0,5889.475,5878.372,3009.05,2869.322,8606.693,104.87,56.543,-32.395,-5.511,-22.207,-0.378,...,35.888,0.227,6.105,1.213,0.587,32.291,106.1,68.283,36.371,31.913,11.616,88.335,86.127,90.727,73.461,71.273,75.83,25.025,23.212,26.891,12.635,11.386,13.741,0.031,0.864,35.862,0.04,1.105,5.734,7.531,3.817,29.3,37.956,19.498,10.718,14.15,7.042,27.866,36.257,18.349,10.185,1.733
10130,Medium,Singapore,,702,SGP,SG,702.0,Country/Area,920,2062.0,5867.268,5855.449,2996.495,2858.954,8573.131,104.811,56.951,-33.131,-5.658,-23.639,-0.404,...,35.902,0.222,6.131,1.218,0.589,32.291,106.1,69.033,36.796,32.237,11.789,88.446,86.243,90.839,73.57,71.387,75.94,25.114,23.305,26.987,12.699,11.446,13.811,0.031,0.851,35.876,0.039,1.088,5.658,7.438,3.758,28.853,37.462,19.187,10.579,13.978,6.939,27.439,35.785,18.058,9.49,1.621
10131,Medium,Singapore,,702,SGP,SG,702.0,Country/Area,920,2063.0,5843.629,5832.833,2984.017,2848.816,8540.019,104.746,57.321,-34.014,-5.831,-21.592,-0.37,...,35.789,0.217,6.136,1.222,0.592,32.291,106.1,69.803,37.252,32.551,11.967,88.556,86.355,90.953,73.679,71.498,76.052,25.203,23.396,27.084,12.763,11.504,13.884,0.03,0.838,35.763,0.038,1.072,5.584,7.347,3.7,28.418,36.981,18.881,10.442,13.812,6.836,27.024,35.326,17.769,12.421,2.129
10132,Medium,Singapore,,702,SGP,SG,702.0,Country/Area,920,2064.0,5822.037,5809.25,2970.981,2838.269,8505.49,104.676,57.654,-34.906,-6.009,-25.574,-0.44,...,35.668,0.216,6.14,1.228,0.594,32.291,106.1,70.574,37.706,32.868,12.149,88.67,86.471,91.07,73.79,71.612,76.168,25.295,23.489,27.185,12.829,11.565,13.959,0.029,0.825,35.643,0.038,1.055,5.506,7.256,3.638,27.977,36.497,18.56,10.302,13.643,6.728,26.605,34.863,17.47,9.335,1.607
10133,Medium,Singapore,,702,SGP,SG,702.0,Country/Area,920,2065.0,5796.463,5781.338,2955.74,2825.597,8464.624,104.606,57.962,-36.019,-6.23,-30.25,-0.523,...,35.354,0.214,6.115,1.233,0.597,32.291,106.1,71.373,38.165,33.208,12.345,88.783,86.589,91.184,73.902,71.728,76.28,25.386,23.585,27.283,12.895,11.628,14.032,0.029,0.811,35.33,0.037,1.038,5.427,7.158,3.58,27.542,35.999,18.254,10.162,13.467,6.625,26.191,34.389,17.182,5.765,0.997
10134,Medium,Singapore,,702,SGP,SG,702.0,Country/Area,920,2066.0,5766.213,5750.389,2938.927,2811.461,8419.31,104.534,58.23,-37.275,-6.482,-31.649,-0.55,...,34.92,0.213,6.073,1.239,0.6,32.291,106,72.195,38.642,33.553,12.555,88.899,86.709,91.301,74.016,71.846,76.395,25.479,23.682,27.383,12.961,11.69,14.107,0.028,0.798,34.896,0.036,1.022,5.35,7.063,3.521,27.114,35.503,17.945,10.024,13.295,6.521,25.784,33.916,16.893,5.632,0.979
10135,Medium,Singapore,,702,SGP,SG,702.0,Country/Area,920,2067.0,5734.564,5720.928,2922.75,2798.178,8376.176,104.452,58.41,-38.832,-6.788,-27.271,-0.477,...,34.275,0.212,5.991,1.241,0.601,32.291,106.1,73.107,39.173,33.934,12.779,89.006,86.818,91.413,74.122,71.954,76.506,25.566,23.771,27.48,13.023,11.748,14.179,0.027,0.787,34.252,0.035,1.007,5.28,6.978,3.466,26.722,35.053,17.651,9.895,13.137,6.422,25.411,33.486,16.616,11.557,2.02
10136,Medium,Singapore,,702,SGP,SG,702.0,Country/Area,920,2068.0,5707.293,5692.407,2906.93,2785.476,8334.417,104.36,58.482,-40.276,-7.075,-29.773,-0.523,...,33.773,0.214,5.933,1.247,0.604,32.291,106,74.049,39.72,34.329,13.008,89.115,86.93,91.526,74.229,72.063,76.618,25.655,23.86,27.577,13.085,11.807,14.252,0.026,0.773,33.751,0.034,0.99,5.205,6.888,3.407,26.325,34.595,17.352,9.764,12.976,6.321,25.036,33.051,16.337,10.504,1.845
10137,Medium,Singapore,,702,SGP,SG,702.0,Country/Area,920,2069.0,5677.52,5661.829,2889.996,2771.833,8289.647,104.263,58.453,-41.877,-7.396,-31.382,-0.554,...,33.153,0.217,5.856,1.252,0.606,32.291,106,75.03,40.294,34.735,13.252,89.224,87.039,91.641,74.336,72.171,76.73,25.743,23.949,27.675,13.147,11.864,14.326,0.025,0.762,33.131,0.033,0.975,5.134,6.803,3.351,25.938,34.147,17.059,9.638,12.82,6.222,24.667,32.623,16.062,10.5,1.855
10138,Medium,Singapore,,702,SGP,SG,702.0,Country/Area,920,2070.0,5646.138,5631.285,2872.979,2758.305,8244.927,104.157,58.332,-43.435,-7.713,-29.706,-0.528,...,32.553,0.219,5.781,1.258,0.609,32.291,106,75.988,40.839,35.149,13.494,89.338,87.157,91.756,74.449,72.288,76.844,25.837,24.045,27.775,13.213,11.928,14.401,0.024,0.75,32.532,0.032,0.96,5.061,6.713,3.296,25.544,33.676,16.768,9.506,12.654,6.123,24.293,32.173,15.788,13.721,2.437
10139,Medium,Singapore,,702,SGP,SG,702.0,Country/Area,920,2071.0,5616.432,5600.253,2855.62,2744.633,8199.492,104.044,58.182,-45.076,-8.049,-32.358,-0.578,...,31.942,0.222,5.704,1.262,0.611,32.291,106.1,77.018,41.439,35.579,13.753,89.448,87.268,91.871,74.557,72.397,76.958,25.927,24.135,27.875,13.274,11.986,14.476,0.024,0.738,31.922,0.031,0.945,4.99,6.628,3.24,25.167,33.232,16.473,9.38,12.499,6.023,23.935,31.75,15.512,12.726,2.272
10140,Medium,Singapore,,702,SGP,SG,702.0,Country/Area,920,2072.0,5584.074,5566.913,2837.015,2729.898,8150.678,103.924,58.046,-46.755,-8.399,-34.322,-0.617,...,31.342,0.226,5.63,1.267,0.613,32.291,106.1,78.097,42.059,36.038,14.029,89.552,87.374,91.979,74.66,72.501,77.065,26.012,24.221,27.968,13.333,12.043,14.546,0.023,0.727,31.323,0.03,0.931,4.924,6.548,3.189,24.817,32.813,16.203,9.261,12.351,5.932,23.602,31.349,15.257,12.436,2.234
10141,Medium,Singapore,,702,SGP,SG,702.0,Country/Area,920,2073.0,5549.752,5531.142,2817.117,2714.026,8098.305,103.798,57.917,-48.409,-8.753,-37.22,-0.673,...,30.734,0.23,5.556,1.27,0.615,32.291,106.1,79.143,42.653,36.49,14.309,89.662,87.486,92.091,74.768,72.612,77.175,26.103,24.313,28.065,13.395,12.104,14.62,0.022,0.715,30.715,0.029,0.916,4.854,6.464,3.133,24.451,32.373,15.923,9.134,12.196,5.836,23.255,30.929,14.996,11.173,2.02
10142,Medium,Singapore,,702,SGP,SG,702.0,Country/Area,920,2074.0,5512.532,5490.633,2794.791,2695.841,8038.994,103.67,57.83,-50.029,-9.112,-43.798,-0.798,...,30.187,0.232,5.498,1.275,0.617,32.291,106.1,80.216,43.265,36.951,14.61,89.771,87.597,92.203,74.875,72.721,77.286,26.193,24.403,28.162,13.456,12.163,14.694,0.021,0.704,30.169,0.028,0.902,4.784,6.378,3.081,24.091,31.935,15.65,9.01,12.041,5.742,22.915,30.512,14.74,6.239,1.136
10143,Medium,Singapore,,702,SGP,SG,702.0,Country/Area,920,2075.0,5468.734,5446.023,2770.357,2675.666,7973.679,103.539,57.765,-51.622,-9.478,-45.423,-0.834,...,29.624,0.236,5.44,1.281,0.62,32.291,106.1,81.246,43.837,37.408,14.918,89.885,87.713,92.318,74.987,72.835,77.399,26.288,24.498,28.262,13.52,12.228,14.771,0.021,0.693,29.607,0.027,0.888,4.716,6.294,3.028,23.731,31.493,15.375,8.883,11.885,5.648,22.572,30.089,14.481,6.208,1.14
10144,Medium,Singapore,,702,SGP,SG,702.0,Country/Area,920,2076.0,5423.311,5402.486,2746.361,2656.125,7909.936,103.397,57.665,-53.248,-9.856,-41.649,-0.771,...,29.06,0.238,5.379,1.283,0.622,32.291,106.1,82.308,44.429,37.879,15.235,89.996,87.826,92.433,75.098,72.947,77.513,26.381,24.59,28.361,13.582,12.289,14.846,0.02,0.682,29.043,0.026,0.874,4.648,6.213,2.975,23.374,31.061,15.097,8.759,11.733,5.553,22.233,29.676,14.22,11.591,2.146
10145,Medium,Singapore,,702,SGP,SG,702.0,Country/Area,920,2077.0,5381.662,5358.724,2722.17,2636.553,7845.862,103.247,57.554,-54.68,-10.204,-45.877,-0.856,...,28.685,0.241,5.353,1.286,0.623,32.291,106.1,83.365,45.015,38.351,15.557,90.107,87.936,92.547,75.207,73.056,77.625,26.474,24.681,28.46,13.644,12.35,14.922,0.019,0.671,28.669,0.025,0.86,4.581,6.135,2.92,23.029,30.647,14.825,8.638,11.586,5.459,21.906,29.279,13.966,8.804,1.643
10146,Medium,Singapore,,702,SGP,SG,702.0,Country/Area,920,2078.0,5335.785,5311.673,2696.291,2615.381,7776.974,103.094,57.471,-56.067,-10.556,-48.224,-0.908,...,28.383,0.243,5.343,1.291,0.625,32.291,106.1,84.45,45.605,38.845,15.899,90.213,88.044,92.654,75.311,73.162,77.731,26.563,24.769,28.554,13.703,12.408,14.995,0.019,0.662,28.367,0.024,0.848,4.52,6.059,2.874,22.702,30.241,14.577,8.523,11.443,5.374,21.595,28.891,13.732,7.848,1.478
10147,Medium,Singapore,,702,SGP,SG,702.0,Country/Area,920,2079.0,5287.561,5261.722,2668.92,2592.802,7703.84,102.936,57.395,-57.395,-10.908,-51.677,-0.982,...,28.107,0.246,5.342,1.294,0.627,32.291,106,85.502,46.171,39.331,16.25,90.318,88.149,92.763,75.415,73.266,77.839,26.651,24.855,28.649,13.761,12.466,15.068,0.018,0.652,28.091,0.024,0.836,4.459,5.985,2.827,22.384,29.852,14.324,8.411,11.305,5.287,21.293,28.518,13.493,5.714,1.086
10148,Medium,Singapore,,702,SGP,SG,702.0,Country/Area,920,2080.0,5235.884,5209.688,2640.468,2569.22,7627.654,102.773,57.316,-58.533,-11.236,-52.392,-1.006,...,27.869,0.246,5.349,1.298,0.629,32.291,106,86.402,46.652,39.75,16.585,90.432,88.263,92.88,75.528,73.378,77.954,26.748,24.949,28.752,13.827,12.531,15.148,0.018,0.643,27.854,0.023,0.824,4.396,5.906,2.778,22.05,29.436,14.065,8.291,11.156,5.198,20.975,28.12,13.249,6.143,1.179
10149,Medium,Singapore,,702,SGP,SG,702.0,Country/Area,920,2081.0,5183.492,5156.376,2611.345,2545.031,7549.598,102.606,57.252,-59.639,-11.566,-54.233,-1.052,...,27.691,0.246,5.37,1.3,0.63,32.291,106.1,87.33,47.139,40.191,16.936,90.539,88.369,92.99,75.633,73.483,78.063,26.838,25.036,28.848,13.887,12.589,15.222,0.018,0.633,27.676,0.023,0.812,4.335,5.833,2.732,21.733,29.045,13.815,8.179,11.018,5.112,20.673,27.746,13.013,5.394,1.046
10150,Medium,Singapore,,702,SGP,SG,702.0,Country/Area,920,2082.0,5129.259,5101.496,2581.419,2520.077,7469.247,102.434,57.22,-60.59,-11.877,-55.526,-1.088,...,27.58,0.245,5.406,1.303,0.631,32.291,106,88.17,47.562,40.607,17.283,90.644,88.473,93.097,75.737,73.586,78.169,26.927,25.122,28.942,13.947,12.648,15.296,0.017,0.625,27.565,0.022,0.8,4.277,5.761,2.688,21.428,28.666,13.579,8.071,10.883,5.03,20.383,27.383,12.79,5.078,0.995
10151,Medium,Singapore,,702,SGP,SG,702.0,Country/Area,920,2083.0,5073.733,5046.181,2551.268,2494.914,7388.26,102.259,57.199,-61.376,-12.162,-55.103,-1.092,...,27.54,0.244,5.458,1.307,0.633,32.291,106,88.916,47.925,40.991,17.62,90.749,88.576,93.205,75.841,73.688,78.276,27.017,25.207,29.037,14.008,12.706,15.37,0.017,0.615,27.526,0.022,0.788,4.218,5.691,2.641,21.123,28.296,13.341,7.963,10.751,4.947,20.093,27.028,12.567,6.27,1.243
10152,Medium,Singapore,,702,SGP,SG,702.0,Country/Area,920,2084.0,5018.63,4991.237,2521.314,2469.923,7307.814,102.081,57.18,-61.975,-12.417,-54.786,-1.098,...,27.591,0.244,5.528,1.312,0.636,32.291,106,89.566,48.208,41.358,17.945,90.856,88.682,93.313,75.946,73.792,78.383,27.107,25.294,29.131,14.07,12.764,15.442,0.017,0.606,27.577,0.021,0.777,4.159,5.618,2.596,20.809,27.914,13.099,7.854,10.615,4.865,19.794,26.663,12.339,7.185,1.439
10153,Medium,Singapore,,702,SGP,SG,702.0,Country/Area,920,2085.0,4963.844,4935.581,2491.055,2444.526,7226.327,101.903,57.169,-62.304,-12.623,-56.526,-1.145,...,27.703,0.241,5.613,1.317,0.638,32.291,106.1,90.007,48.356,41.652,18.236,90.966,88.794,93.422,76.056,73.902,78.49,27.202,25.387,29.227,14.137,12.828,15.518,0.017,0.597,27.689,0.021,0.766,4.1,5.543,2.553,20.496,27.522,12.869,7.743,10.474,4.784,19.496,26.288,12.121,5.779,1.171
10154,Medium,Singapore,,702,SGP,SG,702.0,Country/Area,920,2086.0,4907.318,4878.38,2460.108,2418.271,7142.577,101.73,57.171,-62.599,-12.832,-57.876,-1.186,...,27.744,0.238,5.687,1.318,0.638,32.291,106.1,90.343,48.445,41.898,18.519,91.075,88.901,93.53,76.163,74.008,78.597,27.294,25.475,29.322,14.203,12.888,15.594,0.016,0.589,27.73,0.021,0.754,4.042,5.471,2.51,20.191,27.144,12.642,7.635,10.34,4.705,19.206,25.926,11.907,4.718,0.967
10155,Medium,Singapore,,702,SGP,SG,702.0,Country/Area,920,2087.0,4849.442,4821.057,2429.193,2391.865,7058.649,101.561,57.172,-62.613,-12.987,-56.769,-1.178,...,27.847,0.235,5.776,1.322,0.64,32.291,106.1,90.46,48.387,42.072,18.763,91.189,89.014,93.643,76.276,74.12,78.71,27.392,25.569,29.422,14.273,12.952,15.671,0.016,0.579,27.833,0.021,0.743,3.981,5.396,2.465,19.87,26.748,12.4,7.522,10.198,4.622,18.9,25.547,11.679,5.851,1.214
10156,Medium,Singapore,,702,SGP,SG,702.0,Country/Area,920,2088.0,4792.673,4764.824,2398.914,2365.91,6976.316,101.395,57.163,-62.389,-13.094,-55.698,-1.169,...,27.97,0.232,5.87,1.325,0.642,32.291,106,90.359,48.234,42.125,18.964,91.3,89.12,93.757,76.386,74.224,78.822,27.487,25.656,29.523,14.343,13.013,15.752,0.016,0.571,27.956,0.02,0.732,3.924,5.326,2.422,19.572,26.384,12.17,7.416,10.067,4.541,18.616,25.199,11.461,6.688,1.404
10157,Medium,Singapore,,702,SGP,SG,702.0,Country/Area,920,2089.0,4736.975,4707.955,2368.445,2339.51,6893.053,101.237,57.154,-62.01,-13.171,-58.04,-1.233,...,28.101,0.227,5.969,1.328,0.644,32.291,106,90.111,47.967,42.144,19.14,91.411,89.23,93.866,76.496,74.333,78.93,27.582,25.746,29.618,14.411,13.073,15.826,0.016,0.56,28.088,0.02,0.718,3.861,5.247,2.375,19.258,25.994,11.936,7.304,9.928,4.459,18.32,24.828,11.242,3.964,0.842
10158,Medium,Singapore,,702,SGP,SG,702.0,Country/Area,920,2090.0,4678.935,4651.262,2338.207,2313.055,6810.047,101.087,57.14,-61.348,-13.19,-55.346,-1.19,...,28.141,0.223,6.05,1.33,0.645,32.291,106,89.489,47.506,41.983,19.24,91.529,89.343,93.986,76.613,74.444,79.048,27.684,25.84,29.725,14.488,13.14,15.913,0.016,0.552,28.128,0.02,0.707,3.801,5.174,2.331,18.95,25.614,11.703,7.194,9.789,4.377,18.027,24.465,11.022,6.005,1.291
10159,Medium,Singapore,,702,SGP,SG,702.0,Country/Area,920,2091.0,4623.589,4596.28,2308.977,2287.304,6729.547,100.948,57.108,-60.526,-13.168,-54.617,-1.188,...,28.252,0.219,6.147,1.334,0.646,32.291,106,88.778,46.969,41.81,19.315,91.64,89.449,94.097,76.722,74.55,79.158,27.779,25.929,29.823,14.559,13.2,15.99,0.015,0.543,28.239,0.02,0.696,3.745,5.104,2.288,18.655,25.252,11.477,7.088,9.659,4.298,17.746,24.118,10.809,5.907,1.285
10160,Medium,Singapore,,702,SGP,SG,702.0,Country/Area,920,2092.0,4568.972,4543.642,2281.09,2262.552,6652.478,100.819,57.054,-59.488,-13.093,-50.659,-1.115,...,28.317,0.216,6.232,1.337,0.648,32.291,106,87.805,46.284,41.522,19.325,91.754,89.558,94.21,76.835,74.657,79.27,27.877,26.019,29.923,14.632,13.263,16.07,0.015,0.534,28.304,0.019,0.685,3.688,5.033,2.245,18.358,24.886,11.25,6.982,9.528,4.218,17.462,23.768,10.594,8.836,1.945
10161,Medium,Singapore,,702,SGP,SG,702.0,Country/Area,920,2093.0,4518.313,4492.711,2254.251,2238.46,6577.908,100.705,56.978,-58.162,-12.946,-51.204,-1.14,...,28.404,0.212,6.322,1.339,0.649,32.291,106,86.566,45.456,41.11,19.268,91.872,89.669,94.329,76.951,74.767,79.388,27.979,26.111,30.028,14.709,13.327,16.154,0.015,0.525,28.391,0.019,0.673,3.627,4.962,2.197,18.052,24.516,11.012,6.872,9.394,4.134,17.173,23.414,10.372,6.959,1.549
10162,Medium,Singapore,,702,SGP,SG,702.0,Country/Area,920,2094.0,4467.109,4440.956,2227.235,2213.72,6502.132,100.611,56.9,-56.665,-12.759,-52.306,-1.178,...,28.438,0.21,6.404,1.343,0.651,32.291,106,85.103,44.489,40.615,19.163,91.988,89.784,94.439,77.066,74.88,79.497,28.079,26.207,30.127,14.786,13.394,16.233,0.015,0.517,28.425,0.019,0.662,3.57,4.889,2.158,17.759,24.14,10.805,6.766,9.258,4.061,16.894,23.055,10.176,4.356,0.981
10163,Medium,Singapore,,702,SGP,SG,702.0,Country/Area,920,2095.0,4414.803,4390.131,2200.925,2189.206,6427.717,100.535,56.804,-55.076,-12.545,-49.344,-1.124,...,28.382,0.207,6.465,1.347,0.653,32.291,106.1,83.458,43.428,40.03,19.01,92.106,89.899,94.553,77.183,74.994,79.61,28.181,26.302,30.228,14.863,13.46,16.314,0.014,0.508,28.37,0.018,0.651,3.512,4.815,2.116,17.457,23.759,10.585,6.658,9.121,3.983,16.607,22.691,9.969,5.736,1.307
10164,Medium,Singapore,,702,SGP,SG,702.0,Country/Area,920,2096.0,4365.459,4341.143,2175.762,2165.381,6355.993,100.479,56.682,-53.28,-12.273,-48.632,-1.12,...,28.27,0.205,6.512,1.348,0.653,32.291,106,81.55,42.237,39.313,18.785,92.23,90.018,94.675,77.306,75.112,79.731,28.289,26.403,30.337,14.947,13.532,16.402,0.014,0.499,28.258,0.018,0.64,3.455,4.744,2.075,17.161,23.389,10.367,6.552,8.988,3.907,16.324,22.336,9.763,4.645,1.07
10165,Medium,Singapore,,702,SGP,SG,702.0,Country/Area,920,2097.0,4316.827,4293.577,2151.543,2142.035,6286.35,100.444,56.537,-51.524,-12,-46.5,-1.083,...,28.066,0.202,6.537,1.349,0.654,32.291,106.1,79.59,41.011,38.579,18.537,92.343,90.13,94.78,77.418,75.222,79.834,28.387,26.496,30.43,15.021,13.598,16.479,0.014,0.49,28.054,0.018,0.628,3.4,4.673,2.036,16.887,23.037,10.175,6.453,8.861,3.839,16.066,22.002,9.584,5.025,1.17
10166,Medium,Singapore,,702,SGP,SG,702.0,Country/Area,920,2098.0,4270.327,4247.439,2128.271,2119.168,6218.797,100.43,56.368,-49.604,-11.679,-45.777,-1.078,...,27.893,0.2,6.567,1.353,0.656,32.291,106.1,77.497,39.74,37.757,18.246,92.455,90.236,94.89,77.528,75.327,79.943,28.484,26.586,30.529,15.097,13.661,16.558,0.013,0.483,27.882,0.017,0.619,3.351,4.613,1.999,16.624,22.713,9.977,6.36,8.745,3.77,15.815,21.69,9.397,3.828,0.901
10167,Medium,Singapore,,702,SGP,SG,702.0,Country/Area,920,2099.0,4224.55,4203.658,2106.39,2097.268,6154.697,100.435,56.177,-47.447,-11.287,-41.784,-0.994,...,27.676,0.199,6.584,1.358,0.658,32.291,106.1,75.123,38.334,36.789,17.871,92.583,90.362,95.012,77.656,75.452,80.065,28.598,26.694,30.64,15.186,13.739,16.649,0.013,0.476,27.665,0.017,0.609,3.298,4.547,1.961,16.34,22.351,9.776,6.259,8.616,3.7,15.544,21.343,9.207,5.655,1.345
10168,Medium,Singapore,,702,SGP,SG,702.0,Country/Area,920,2100.0,4182.766,4163.012,2086.257,2076.756,6095.187,100.458,55.962,-45.319,-10.886,-39.507,-0.949,...,27.463,0.199,6.597,1.363,0.66,32.291,106.1,72.782,36.984,35.797,17.483,92.699,90.473,95.126,77.771,75.562,80.178,28.7,26.789,30.743,15.266,13.807,16.735,0.013,0.469,27.452,0.017,0.601,3.251,4.488,1.927,16.086,22.032,9.59,6.169,8.504,3.635,15.301,21.036,9.031,5.824,1.399
